rkelly27@mcp.com	ronald_81q2O	Ronald Kelly
drichardson@mcp.com	DR0602@NJBmV	Donald Richardson
klee@mcp.com	lee$k270a3NJ	Karen Lee
elizabethr@mcp.com	elizqwmP4$Wp	Elizabeth Ruiz
gregory_scott@mcp.com	scott@g425Qj	Gregory Scott
donald_roberts@mcp.com	donaYTqePhrl	Donald Roberts
rodriguezc39@mcp.com	carol_94biV9	Carol Rodriguez
robert_sanders66@mcp.com	Sroba9upxkJK	Robert Sanders
smartinez@mcp.com	SM0201#oxWSm	Susan Martinez
patrick.carter@mcp.com	Pcarter84629	Patrick Carter
malvarez@mcp.com	Malvarez696h	Maria Alvarez
zedwards@mcp.com	Zedwards5385	Zachary Edwards
debra_flores76@mcp.com	debrx$Unz1cX	Debra Flores
ryan.brown93@mcp.com	BryapivvLK7C	Ryan Brown
jacob.flores11@mcp.com	Jflores715XI	Jacob Flores
christineh93@mcp.com	chriHxdwmla8	Christine Hall
steven.hernandez@mcp.com	hernandez@s133	Steven Hernandez
linda_nguyen30@mcp.com	Nlinwkvt8qSE	Linda Nguyen
christopher.thompson@mcp.com	Cthompson740	Christopher Thompson
susan.parker@mcp.com	Psusk11uQT0r	Susan Parker
jamesw@mcp.com	JW0113@FWXn5	James Walker
leev2@mcp.com	lee@v980FhDD	Victoria Lee
bjackson91@mcp.com	bran4FcBiAAk	Brandon Jackson
lisa_campbell@mcp.com	lisa_78x43UF	Lisa Campbell
angela_hughes4@mcp.com	ange7#P9COYg	Angela Hughes
sandra_brooks@mcp.com	BsanhxgfnpXf	Sandra Brooks
donaldb@mcp.com	Bdony4qraTDf	Donald Bennett
coxw@mcp.com	WC0101#iKpTl	William Cox
robinsond53@mcp.com	dennis2000!j	Dennis Robinson
dreed@mcp.com	DR0824@gpMA0	Donald Reed
sanchezm17@mcp.com	Msanchez494c	Melissa Sanchez
bcollins20@mcp.com	benjamin_77v	Benjamin Collins
creed99@mcp.com	christina1994@	Christina Reed
jennifer_cruz9@mcp.com	cruz@j304tdg	Jennifer Cruz
carolyn.nguyen@mcp.com	Ncart3ze1TQF	Carolyn Nguyen
cgomez41@mcp.com	gomez$c571Fp	Cynthia Gomez
rebecca.richardson@mcp.com	RR1206!SWseq	Rebecca Richardson
richard.castillo52@mcp.com	RC0807@XecTY	Richard Castillo
brian_scott25@mcp.com	brian_81W5Oc	Brian Scott
bruiz@mcp.com	brian1990$p1	Brian Ruiz
stephanie.cox@mcp.com	steph@cGF#XU	Stephanie Cox
james.thomas30@mcp.com	jameC!t3RR7J	James Thomas
gary_collins@mcp.com	gary_24FQ4J5	Gary Collins
raymond_reyes60@mcp.com	raymond1987@	Raymond Reyes
sgonzalez3@mcp.com	stepAw2by4F7	Stephanie Gonzalez
ronaldm@mcp.com	miller#r347M	Ronald Miller
syoung@mcp.com	susan1997@ZA	Susan Young
droberts@mcp.com	dorothy2002#	Dorothy Roberts
francesj@mcp.com	franFTEoiChJ	Frances Johnson
raymond_cox@mcp.com	RC0628!oRE53	Raymond Cox
cynthiad@mcp.com	CD1203!HonG9	Cynthia Davis
cmartinez@mcp.com	CM0415#LSbet	Christina Martinez
shirleyg@mcp.com	gray$s631Q2y	Shirley Gray
stewartt@mcp.com	tracy1987%ac	Tracy Stewart
srichardson@mcp.com	samuel_50WeC	Samuel Richardson
samantha_martin@mcp.com	martin@s818y	Samantha Martin
rebecca_diaz@mcp.com	Rdiaz246o3RV	Rebecca Diaz
groberts@mcp.com	GR1119!0hP6B	Gregory Roberts
jacksond@mcp.com	Djackson269c	Debra Jackson
lisar@mcp.com	Lrobinson113	Lisa Robinson
donna_castillo56@mcp.com	donna_76VOui	Donna Castillo
jjones@mcp.com	jessica1987%	Jessica Jones
susan_reyes@mcp.com	Sreyes3208Dq	Susan Reyes
helen_hall91@mcp.com	hall$h632vul	Helen Hall
timothy.lopez@mcp.com	lopez#t109EU	Timothy Lopez
virginia_diaz@mcp.com	virginia_85W	Virginia Diaz
mcooper@mcp.com	maria_89vHV7	Maria Cooper
bennettb47@mcp.com	bennett$b549	Benjamin Bennett
gortiz78@mcp.com	ortiz$g114yW	Gregory Ortiz
michelled@mcp.com	michelle_43V	Michelle Diaz
timothyb@mcp.com	bennett#t236	Timothy Bennett
maryc@mcp.com	castillo$m888	Mary Castillo
myersj@mcp.com	jason1984%lt	Jason Myers
patrick_cruz@mcp.com	patrrzKNPc5t	Patrick Cruz
hughesj@mcp.com	Jhughes124D2	James Hughes
larry_howard@mcp.com	larry_330BU3	Larry Howard
stephen_mitchell@mcp.com	step6@FkixLQ	Stephen Mitchell
youngc@mcp.com	chrilFRCtTA6	Christopher Young
mitchelle75@mcp.com	mitchell$e852	Emma Mitchell
garyr@mcp.com	gary1982%Vdi	Gary Rodriguez
emma_myers@mcp.com	emma_206rnIn	Emma Myers
vgarcia@mcp.com	Vgarcia128jr	Victoria Garcia
collinss@mcp.com	Scollins153c	Sharon Collins
bhall@mcp.com	benjhMtCdOGk	Benjamin Hall
torrest@mcp.com	Ttorres9177j	Tyler Torres
jessicae50@mcp.com	jessica2002%	Jessica Edwards
jason_cruz@mcp.com	Jcruz821xB00	Jason Cruz
christine.murphy91@mcp.com	christine1993#	Christine Murphy
mendozab3@mcp.com	betty2002@oA	Betty Mendoza
williamp@mcp.com	perez$w995IC	William Perez
bjones28@mcp.com	barbg4XESRzo	Barbara Jones
thomas_watson@mcp.com	TW0309#zid0W	Thomas Watson
johnh@mcp.com	JH0613!Kw2AM	John Hughes
william_gonzalez@mcp.com	gonzalez$w840	William Gonzalez
cooperr@mcp.com	raymond1986#	Raymond Cooper
aaron_mitchell@mcp.com	mitchell@a108	Aaron Mitchell
samanthaw@mcp.com	walker@s147a	Samantha Walker
frances_patel@mcp.com	frances_11wl	Frances Patel
dennisc@mcp.com	chavez#d617F	Dennis Chavez
pamelae@mcp.com	PE0613@bf053	Pamela Edwards
dcooper@mcp.com	cooper$d660s	Dennis Cooper
turnerj@mcp.com	jose_86UKmSi	Jose Turner
anthony_murphy24@mcp.com	anthony1997#	Anthony Murphy
cturner@mcp.com	carol2002$ik	Carol Turner
ashley_anderson@mcp.com	AA0202@kEpFH	Ashley Anderson
brenda_rivera81@mcp.com	brenda1991$q	Brenda Rivera
walkera@mcp.com	AW0808!6v5nP	Amy Walker
dhall@mcp.com	daniel1980%g	Daniel Hall
andersonp@mcp.com	anderson#p282	Pamela Anderson
raymondm@mcp.com	RM0517!1f7ZJ	Raymond Miller
donald_castillo@mcp.com	Dcastillo943	Donald Castillo
ramosb@mcp.com	Bramos215MSe	Brian Ramos
ortiza2@mcp.com	AO0419!6HJU1	Ashley Ortiz
clarkt12@mcp.com	clark$t476AR	Tracy Clark
coopert@mcp.com	Ctimb8zmJONx	Timothy Cooper
cruzg@mcp.com	george_60ohr	George Cruz
frances_jones@mcp.com	FJ0906#MWe3n	Frances Jones
sandra.davis@mcp.com	Sdavis930bSo	Sandra Davis
richard_reyes61@mcp.com	Rreyes256UBC	Richard Reyes
petersonr@mcp.com	ronald1988@s	Ronald Peterson
alice_jackson38@mcp.com	Ajackson706Q	Alice Jackson
ejames15@mcp.com	EJ0906!7gomw	Emily James
ccastillo@mcp.com	Ccastillo349	Charles Castillo
jeffreyd@mcp.com	Jdavis901ANU	Jeffrey Davis
moralesm@mcp.com	martha1995#E	Martha Morales
lisad@mcp.com	lisasenJP#02	Lisa Davis
mdiaz@mcp.com	Mdiaz690JIFm	Michael Diaz
angela_moore89@mcp.com	angecu1T@470	Angela Moore
debras3@mcp.com	debra1982#6A	Debra Smith
nancyr@mcp.com	robinson#n640	Nancy Robinson
jamess@mcp.com	JsteuyatGI4v	Stephanie James
melissag@mcp.com	Mgarcia639EQ	Melissa Garcia
henry_taylor90@mcp.com	Htaylor822AC	Henry Taylor
alexander.adams@mcp.com	alexander_61	Alexander Adams
amanda.thompson54@mcp.com	amanda_29UIi	Amanda Thompson
rhall@mcp.com	raymond1999$	Raymond Hall
laura.hall@mcp.com	laura2004%fA	Laura Hall
sarah.wood@mcp.com	sarah_65eztV	Sarah Wood
janetr@mcp.com	Jrogers864D2	Janet Rogers
janet.mendoza@mcp.com	janet1997$71	Janet Mendoza
truiz81@mcp.com	TR1022#GnpaG	Timothy Ruiz
martha.watson@mcp.com	Wmar7gldZwL2	Martha Watson
donald_richardson93@mcp.com	richardson#d763	Donald Richardson
shirley_rodriguez71@mcp.com	rodriguez#s811	Shirley Rodriguez
warda@mcp.com	AW0925@TcB58	Alice Ward
fphillips@mcp.com	frank1987!92	Frank Phillips
myersr@mcp.com	Rmyers437fGs	Raymond Myers
teresan@mcp.com	Tnelson113zm	Teresa Nelson
deborah_ortiz@mcp.com	deborah_85Cs	Deborah Ortiz
teresat@mcp.com	TT1021#WQtww	Teresa Torres
martinezn91@mcp.com	Mnicfk9fQ1Vz	Nicholas Martinez
aortiz@mcp.com	Oange0pgfxo8	Angela Ortiz
rogerss68@mcp.com	rogers@s147g	Stephanie Rogers
edward.james18@mcp.com	EJ0610@DOOnw	Edward James
ryang@mcp.com	RG0119#Ozsph	Ryan Gonzalez
vcruz@mcp.com	virginia_52F	Virginia Cruz
reyest@mcp.com	Rtimur81o83E	Timothy Reyes
ddavis@mcp.com	DD0219#zn9Jj	David Davis
floresa71@mcp.com	alexander_57	Alexander Flores
jose.wood13@mcp.com	Wjosvhg0czyu	Jose Wood
awalker@mcp.com	walker@a905Z	Andrew Walker
mendozam25@mcp.com	Mmarjcsk3xmS	Mark Mendoza
gary.sanchez@mcp.com	gary1992#fav	Gary Sanchez
eric_robinson@mcp.com	ericRlYIFyyY	Eric Robinson
patriciah@mcp.com	Phill698sf5H	Patricia Hill
richard_flores77@mcp.com	richard_56B2	Richard Flores
scott_wright58@mcp.com	scott1994%zo	Scott Wright
stephen_parker@mcp.com	Sparker900uz	Stephen Parker
ronald_mendoza@mcp.com	ronadw40WbfU	Ronald Mendoza
cookr@mcp.com	cook#r983eVB	Ronald Cook
adiaz88@mcp.com	Adiaz3408Jd8	Andrew Diaz
egomez65@mcp.com	eric_93LXrg4	Eric Gomez
francess@mcp.com	frances2002!	Frances Stewart
catherine.reed@mcp.com	Creed441Bxwk	Catherine Reed
jerrys@mcp.com	jerry_639ZCi	Jerry Sanders
moralesp@mcp.com	patrick_11XU	Patrick Morales
rscott53@mcp.com	RS0808!HvwzX	Ruth Scott
awilson@mcp.com	AW1007!vyvzw	Andrew Wilson
janetl@mcp.com	Ljano8bh6dja	Janet Lopez
hernandezj@mcp.com	Jhernandez618	Jason Hernandez
anthonyw@mcp.com	Wantcjdelb7Q	Anthony White
rbennett78@mcp.com	richard2004#	Richard Bennett
raymondm713@mcp.com	raymond1985!	Raymond Morgan
rebeccah@mcp.com	RH1124!XOFHX	Rebecca Hall
anna.wright@mcp.com	AW0603#rzGef	Anna Wright
dsanders@mcp.com	sanders@d976	Debra Sanders
jennifer_peterson22@mcp.com	jennRznBZuZD	Jennifer Peterson
sarah.hernandez@mcp.com	sarah_12PUPX	Sarah Hernandez
aadams93@mcp.com	adams$a401Wy	Andrew Adams
larry_wood@mcp.com	LW0725!1Prbi	Larry Wood
howardd@mcp.com	howard@d149Y	Dennis Howard
alexander_garcia@mcp.com	Agarcia754Uu	Alexander Garcia
michaelb@mcp.com	michael_51aU	Michael Bennett
stepheng@mcp.com	Gsteqwb9GHRe	Stephen Gomez
victoria_ramos@mcp.com	victoria_14z	Victoria Ramos
aaronw95@mcp.com	aaron_836uFN	Aaron Walker
jamess894@mcp.com	Jsanchez918J	James Sanchez
brianc@mcp.com	briaeparViEN	Brian Carter
crivera@mcp.com	christopher_35	Christopher Rivera
henry_james@mcp.com	Hjames196bC6	Henry James
emmar@mcp.com	rivera#e632y	Emma Rivera
garciah@mcp.com	helen_11SxUN	Helen Garcia
kimberlym82@mcp.com	KM0311#oG7OM	Kimberly Murphy
jamesb@mcp.com	bria8@kqGjus	Brian James
larry.hall8@mcp.com	hall@l575mTp	Larry Hall
ashleyw@mcp.com	ashley2003$2	Ashley Williams
scott_castillo@mcp.com	scott_24N85z	Scott Castillo
smorgan88@mcp.com	morgan#s959t	Sandra Morgan
bflores@mcp.com	flores$b4063	Barbara Flores
deborah.wilson@mcp.com	debod8QRkqGa	Deborah Wilson
nicholas_scott@mcp.com	NS0224#9L2SN	Nicholas Scott
plopez@mcp.com	pamela_92THJ	Pamela Lopez
alice_clark8@mcp.com	alice_26TT2N	Alice Clark
evansj@mcp.com	jasocmrPQNsg	Jason Evans
jerry.martin78@mcp.com	MjerbxodTlOb	Jerry Martin
pamelab@mcp.com	pamela_690Ta	Pamela Brown
millers@mcp.com	Msamc1ykZ8c9	Samuel Miller
jack_mendoza@mcp.com	MjaccuukejNR	Jack Mendoza
jramos@mcp.com	ramos$j551kn	Jason Ramos
lisa.ward32@mcp.com	Lward687Jo1U	Lisa Ward
hwilson30@mcp.com	Hwilson559qY	Helen Wilson
rebecca_jackson18@mcp.com	RJ1220!PGZkk	Rebecca Jackson
pamelas@mcp.com	sanchez@p343	Pamela Sanchez
jeffrey.campbell@mcp.com	jeffrey_8876	Jeffrey Campbell
nguyent@mcp.com	TN1022@VY9gR	Tracy Nguyen
probinson@mcp.com	pamela_58GGa	Pamela Robinson
stephanie.robinson@mcp.com	Rsteo5l9nQLv	Stephanie Robinson
ruizk@mcp.com	kennm1EZ2tKY	Kenneth Ruiz
nancy.hill@mcp.com	hill$n704L5k	Nancy Hill
cynthia.mendoza@mcp.com	cyntkS!n5YMB	Cynthia Mendoza
ejackson@mcp.com	EJ1026#K6k1m	Eric Jackson
aevans@mcp.com	amanda1999%U	Amanda Evans
kathleen.jones@mcp.com	jones#k913E1	Kathleen Jones
henry_howard51@mcp.com	howard$h6411	Henry Howard
frances.miller@mcp.com	Fmiller952eD	Frances Miller
jessicap@mcp.com	Pjesd5udJeL4	Jessica Patel
rmyers81@mcp.com	myers$r890jM	Ryan Myers
zachary.baker53@mcp.com	baker@z266gQ	Zachary Baker
pbrooks@mcp.com	Bpamh93rtr3S	Pamela Brooks
etorres4@mcp.com	Etorres2702r	Eric Torres
tyler_perez28@mcp.com	tyler2005%O6	Tyler Perez
brownj@mcp.com	jane3h80OHKr	Janet Brown
wilsona@mcp.com	wilson@a710z	Amanda Wilson
dorothya69@mcp.com	Adorb2ojGsO2	Dorothy Adams
aaron.clark@mcp.com	Aclark999cBm	Aaron Clark
drodriguez@mcp.com	Rdeb6iv9mhYF	Deborah Rodriguez
davidl35@mcp.com	david_28ejCC	David Lopez
karen.white66@mcp.com	karen2000#vJ	Karen White
alexander_williams@mcp.com	alexander1992!	Alexander Williams
samuel.garcia@mcp.com	Gsamd33iajSY	Samuel Garcia
henryn@mcp.com	HN1215!s1iwh	Henry Nguyen
robert.collins@mcp.com	Crob956eXbrs	Robert Collins
allenm@mcp.com	Mallen153C0A	Mark Allen
floresj@mcp.com	joshucXcH3lQ	Joshua Flores
mary.edwards57@mcp.com	edwards#m354	Mary Edwards
slewis@mcp.com	step@RumdZLQ	Stephen Lewis
nwilson@mcp.com	NW1119!oB9x2	Nicholas Wilson
johnsonr@mcp.com	robert_93w4t	Robert Johnson
deborahw99@mcp.com	Wdebrqp3HtMM	Deborah Wright
timothyc57@mcp.com	timothy1981#	Timothy Carter
kathleen_kelly@mcp.com	kelly$k896wb	Kathleen Kelly
ramosa@mcp.com	andrew1997%n	Andrew Ramos
edavis@mcp.com	edward1984%I	Edward Davis
amanda_chavez@mcp.com	AC0115!KG93v	Amanda Chavez
emurphy@mcp.com	Emurphy593BN	Eric Murphy
anthonyo@mcp.com	anthony_99oe	Anthony Ortiz
marie.walker@mcp.com	marie1997%w6	Marie Walker
samuel_sanders77@mcp.com	samuELK2omyy	Samuel Sanders
alexanderr@mcp.com	Aroberts657c	Alexander Roberts
betty.cooper@mcp.com	Cbet09hlRzlF	Betty Cooper
adamsc@mcp.com	christina1984#	Christina Adams
martha.hill@mcp.com	MH0904@AmDOP	Martha Hill
michael.reed@mcp.com	RmicmtfbNbY9	Michael Reed
emorris@mcp.com	emilToFcuaDI	Emily Morris
timothy_gomez54@mcp.com	Tgomez601KXX	Timothy Gomez
maryt92@mcp.com	MT0216#cOldn	Mary Torres
mendozas52@mcp.com	Mshix5npfdQG	Shirley Mendoza
melissa.martin95@mcp.com	Mmartin536jK	Melissa Martin
thomas_sanchez8@mcp.com	TS1105!yw2iB	Thomas Sanchez
harrisc@mcp.com	Hchrgcn1RU4J	Christina Harris
scottm@mcp.com	Msco4nkvFK8X	Scott Martin
tyler_roberts72@mcp.com	tyler1997@ib	Tyler Roberts
tnelson@mcp.com	Tnelson6123v	Thomas Nelson
sthomas@mcp.com	ST0608#6pK4u	Steven Thomas
bennettr@mcp.com	raymo#S!1NuB	Raymond Bennett
mcruz@mcp.com	MC1011#DWhEw	Melissa Cruz
lewiss@mcp.com	sharon_71TZ1	Sharon Lewis
alvarezm51@mcp.com	Amarsk4wDGD9	Mary Alvarez
stewarte98@mcp.com	Semick8bOXBz	Emily Stewart
bakerm@mcp.com	michbpxJAcHu	Michael Baker
laura_thompson@mcp.com	laura_629snW	Laura Thompson
frankr45@mcp.com	franZdD4koR8	Frank Rodriguez
swright@mcp.com	scotaW1MyWaw	Scott Wright
dennis.watson8@mcp.com	DW0817!terui	Dennis Watson
reedn@mcp.com	NR1211!4fEwR	Nicholas Reed
timothy_mitchell@mcp.com	TM0314!lUv1Z	Timothy Mitchell
robinsonz@mcp.com	Zrobinson448	Zachary Robinson
stephenb@mcp.com	Bste6bjqAGmt	Stephen Brooks
brandonr@mcp.com	Rbra84wgGLfH	Brandon Richardson
richardl@mcp.com	richard1995!	Richard Lee
jenniferj31@mcp.com	Jjenhqywaah2	Jennifer Jones
john_reed@mcp.com	JR0223@fTRgi	John Reed
diaza48@mcp.com	AD0120#OSuSL	Andrew Diaz
matthew.bailey32@mcp.com	MB0403!ZgB27	Matthew Bailey
ryang13@mcp.com	RG0813!cFTd6	Ryan Gomez
pwatson23@mcp.com	patrpD$ajw6P	Patricia Watson
kimberly.murphy@mcp.com	kimberly2000$	Kimberly Murphy
edward.ruiz@mcp.com	ER0815#uvaLx	Edward Ruiz
shirley_edwards@mcp.com	shirley_73al	Shirley Edwards
murphyc@mcp.com	catherine1984%	Catherine Murphy
sandra.miller@mcp.com	SM1212!VJy6B	Sandra Miller
carterc23@mcp.com	carol_22FZ0P	Carol Carter
michelle_brooks26@mcp.com	michoNZZe@Li	Michelle Brooks
smorgan@mcp.com	Msteb9yvjMIY	Steven Morgan
calvarez@mcp.com	alvarez@c241	Carolyn Alvarez
castilloj@mcp.com	jennifer1993!	Jennifer Castillo
moorea@mcp.com	moore$a6457i	Andrew Moore
chavezj74@mcp.com	chavez$j329B	Jessica Chavez
melissa.miller28@mcp.com	meliD5A1HXBO	Melissa Miller
stephen_patel@mcp.com	patel$s108QD	Stephen Patel
martineze@mcp.com	EM0426!5Gba4	Elizabeth Martinez
emilyc79@mcp.com	emily1988%hc	Emily Cook
christinar@mcp.com	robinson@c819	Christina Robinson
aliced@mcp.com	alick#DbSlLU	Alice Davis
morrisk@mcp.com	KM0201#CbjbV	Kenneth Morris
bking@mcp.com	Bking431YZba	Barbara King
lhughes62@mcp.com	hughes#l6509	Linda Hughes
tracy.ortiz15@mcp.com	Tortiz270nWq	Tracy Ortiz
mitchellj40@mcp.com	jack2001%D6T	Jack Mitchell
brenda.clark@mcp.com	clark@b5505y	Brenda Clark
ccox@mcp.com	christine_84	Christine Cox
mcox72@mcp.com	melissa_74Nb	Melissa Cox
jamesl@mcp.com	linda_73yAuR	Linda James
jnguyen@mcp.com	Jnguyen634Bl	Jacob Nguyen
melissar@mcp.com	Mrobinson132	Melissa Robinson
jose_anderson87@mcp.com	Janderson878	Jose Anderson
jasons@mcp.com	sanchez@j196	Jason Sanchez
alice_gray@mcp.com	alice_90zolj	Alice Gray
douglasc@mcp.com	dougAahuKL5T	Douglas Chavez
dbrown@mcp.com	DB0213!CEF7F	Dorothy Brown
mmorgan@mcp.com	melissa2002@	Melissa Morgan
samantha.cox54@mcp.com	samantha_24v	Samantha Cox
baileye27@mcp.com	elizabeth2001%	Elizabeth Bailey
andrews@mcp.com	sanchez#a871	Andrew Sanchez
emilye97@mcp.com	emilY9OecuX0	Emily Evans
roberts@mcp.com	robert_24PPP	Robert Smith
christinea@mcp.com	anderson#c980	Christine Anderson
jessica_roberts@mcp.com	RjeselgblVCi	Jessica Roberts
amy.bennett26@mcp.com	AB0909#Qulod	Amy Bennett
benjamin.cox83@mcp.com	Bcox4803cwjm	Benjamin Cox
susan_ramirez@mcp.com	susan1989$c4	Susan Ramirez
thompsond@mcp.com	Dthompson956	Donna Thompson
richardsonp@mcp.com	richardson@p953	Patricia Richardson
mparker35@mcp.com	MP1223#3r9cl	Matthew Parker
smithl@mcp.com	smith$l669lD	Linda Smith
eric.perez@mcp.com	eric_83Hzs5w	Eric Perez
ltaylor@mcp.com	linda_224CIx	Linda Taylor
jessicak@mcp.com	kelly@j8625K	Jessica Kelly
watsont@mcp.com	teresa1986#o	Teresa Watson
dmiller@mcp.com	doroekQoYBc0	Dorothy Miller
jackm@mcp.com	jack1997#VoS	Jack Martinez
betty_price79@mcp.com	Bprice569BhB	Betty Price
alice.white@mcp.com	white$a493Ym	Alice White
angela_nguyen90@mcp.com	nguyen#a2016	Angela Nguyen
gutierrezc90@mcp.com	GchaerigYFNE	Charles Gutierrez
jeffrey.bailey@mcp.com	bailey@j225b	Jeffrey Bailey
joshua_robinson@mcp.com	Rjossak41dtL	Joshua Robinson
harrisb@mcp.com	BH1204#Twd7T	Brandon Harris
alopez@mcp.com	amanda_37pZw	Amanda Lopez
ryanr18@mcp.com	ryan1989%jlH	Ryan Rogers
jmartinez@mcp.com	jeffPRZtm#Xf	Jeffrey Martinez
benjaminr86@mcp.com	reed#b210Ia3	Benjamin Reed
samantha.gonzalez@mcp.com	sama!fDOt6yo	Samantha Gonzalez
samuel.morgan42@mcp.com	Smorgan821t2	Samuel Morgan
thomasa@mcp.com	Tand3qmgJ7xd	Andrew Thomas
raymondh13@mcp.com	Hrayhz3cP8xz	Raymond Hall
alvarezc37@mcp.com	CA0510@MuP18	Carolyn Alvarez
bennettc@mcp.com	bennett@c739	Cynthia Bennett
dsanders316@mcp.com	sanders@d545	Donna Sanders
amy.reyes@mcp.com	Ramy7frprIDO	Amy Reyes
laura.morgan@mcp.com	morgan$l631K	Laura Morgan
rebeccam@mcp.com	mitchell$r208	Rebecca Mitchell
baileyt@mcp.com	TB0701!PXdod	Tracy Bailey
jeffrey_murphy37@mcp.com	Jmurphy602Xt	Jeffrey Murphy
jscott@mcp.com	jeffrey_61D7	Jeffrey Scott
debrah@mcp.com	debra1983@15	Debra Harris
rodriguezr69@mcp.com	Rryao75h4qaI	Ryan Rodriguez
blee41@mcp.com	barbMDsw2F3o	Barbara Lee
victoriam@mcp.com	Vmiller3811g	Victoria Miller
caroln59@mcp.com	CN0121@Y0cU0	Carol Nelson
angela_gomez@mcp.com	AG0920!b8egK	Angela Gomez
abailey@mcp.com	Abailey142PW	Aaron Bailey
lopezj@mcp.com	jeffbRm7UdwE	Jeffrey Lopez
rjackson80@mcp.com	Rjackson128Z	Raymond Jackson
marka@mcp.com	MA0619@QUI0w	Mark Allen
reyese71@mcp.com	reyes@e375z9	Eric Reyes
micheller@mcp.com	michelle_60R	Michelle Roberts
william_kelly49@mcp.com	willY7uw8UQ6	William Kelly
josee@mcp.com	edwards#j102	Jose Edwards
plee37@mcp.com	PL0221!9crka	Patrick Lee
jonathanp23@mcp.com	patel@j786IE	Jonathan Patel
pauln@mcp.com	Pnguyen931Uq	Paul Nguyen
angela_cox@mcp.com	angela1996@S	Angela Cox
tcruz@mcp.com	TC1027!KviR9	Tyler Cruz
taylord@mcp.com	DT0611#2H3QY	Dennis Taylor
susan_bailey@mcp.com	Sbailey710Hw	Susan Bailey
jeffreyb@mcp.com	jeffrey_24ir	Jeffrey Bennett
eric.gonzalez@mcp.com	Egonzalez533	Eric Gonzalez
kevink@mcp.com	king#k431G2V	Kevin King
galvarez77@mcp.com	alvarez@g654	Gregory Alvarez
stephanie_carter@mcp.com	carter$s187o	Stephanie Carter
kenneth.anderson13@mcp.com	Kanderson564	Kenneth Anderson
george.gonzalez@mcp.com	gonzalez#g577	George Gonzalez
cwilliams86@mcp.com	Wchaqhc5ZjAZ	Charles Williams
raymond.chavez29@mcp.com	raymond2005#	Raymond Chavez
stephenm@mcp.com	stephen2000@	Stephen Mendoza
jramos487@mcp.com	Rjef56bapOEq	Jeffrey Ramos
hughesd@mcp.com	donna_44bTyg	Donna Hughes
dorothyc42@mcp.com	campbell$d659	Dorothy Campbell
janet_rivera@mcp.com	JR0703!PFg3B	Janet Rivera
joseph_wood@mcp.com	Wjosno38g7rj	Joseph Wood
cnguyen@mcp.com	Cnguyen4255D	Christina Nguyen
lisa_gomez@mcp.com	lisa_80GO9uE	Lisa Gomez
hughess@mcp.com	hughes#s825I	Sandra Hughes
ortizj@mcp.com	ortiz@j3451a	Jeffrey Ortiz
debra_diaz@mcp.com	debrdcLMU7Nb	Debra Diaz
jessicaw@mcp.com	watson#j303w	Jessica Watson
patricia.price@mcp.com	patricia_78D	Patricia Price
nhoward@mcp.com	NH0719@u4NWN	Nancy Howard
campbelle55@mcp.com	elizabeth_45	Elizabeth Campbell
jamesa31@mcp.com	anthony_62Sl	Anthony James
jmorales98@mcp.com	Jmorales237v	Jacob Morales
jose_parker52@mcp.com	joseN6eNsDoj	Jose Parker
lisa.mendoza@mcp.com	mendoza@l465	Lisa Mendoza
mruiz31@mcp.com	Rmarqw29FZ3N	Mary Ruiz
thomas_rogers@mcp.com	Trogers960iI	Thomas Rogers
edward.campbell@mcp.com	edward1981#g	Edward Campbell
emmab28@mcp.com	brooks$e5664	Emma Brooks
susan.gomez@mcp.com	Sgomez7606sx	Susan Gomez
mmoore@mcp.com	Mmarn0i0OCpi	Martha Moore
angela.sanders@mcp.com	AS0920#bz4qw	Angela Sanders
halla@mcp.com	Hand1qefH9aH	Andrew Hall
virginia.hernandez@mcp.com	VH0514@bviVm	Virginia Hernandez
mary.miller72@mcp.com	mary_58Ji7tA	Mary Miller
aaron_davis@mcp.com	aaroawzx!gzl	Aaron Davis
edwardj@mcp.com	jackson#e955	Edward Jackson
nicholasr@mcp.com	nich87vaUQoj	Nicholas Robinson
kevin_ward46@mcp.com	Kward2191LNJ	Kevin Ward
anna.green@mcp.com	anna_7630QLm	Anna Green
laura.cooper@mcp.com	Lcooper971ql	Laura Cooper
floresc@mcp.com	CF0913#oMw2H	Catherine Flores
larry.nelson@mcp.com	larry_44RvNl	Larry Nelson
john_morales@mcp.com	morales#j510	John Morales
michaelt@mcp.com	MT0706@2WJUH	Michael Turner
christine_baker@mcp.com	CB1026@gsrS6	Christine Baker
mark_scott14@mcp.com	markj4TSN#Mr	Mark Scott
amorris49@mcp.com	AM0916!E6TYD	Andrew Morris
agreen@mcp.com	green$a540Ps	Anthony Green
deborah.lee12@mcp.com	deboxvgktHQA	Deborah Lee
helen_brown@mcp.com	heleRjvoqtFH	Helen Brown
nicholas_gonzalez@mcp.com	NG1216#UQwAS	Nicholas Gonzalez
brenda_brown89@mcp.com	brenda_23g57	Brenda Brown
lisac33@mcp.com	lisa1982$ztZ	Lisa Cruz
allenr@mcp.com	allen@r660jc	Ryan Allen
ramosj@mcp.com	jamefEAarr2x	James Ramos
mary.morris70@mcp.com	morris$m380O	Mary Morris
dorothyr23@mcp.com	Rdorh7w7CdKP	Dorothy Robinson
helenw@mcp.com	helea3yTfjj5	Helen Wood
brenda_cruz@mcp.com	brenda1997@C	Brenda Cruz
aaron_ward@mcp.com	aarol3nUsqvl	Aaron Ward
virginiab@mcp.com	virgf7!n4awv	Virginia Brown
robert_mitchell55@mcp.com	MrobgkqdZhSQ	Robert Mitchell
mevans@mcp.com	Mevans8988nr	Mary Evans
richard_chavez@mcp.com	RC0913@3rN1T	Richard Chavez
perezc37@mcp.com	christina1985#	Christina Perez
robertsa@mcp.com	Aroberts549w	Andrew Roberts
raymond.morales61@mcp.com	raymond1996%	Raymond Morales
jcox18@mcp.com	james_21Z3nA	James Cox
matthewc@mcp.com	Mclark207eX6	Matthew Clark
debra.brooks@mcp.com	BdebvbnxxoGV	Debra Brooks
edwardse@mcp.com	EE0920#Nga18	Emily Edwards
murphyl@mcp.com	murphy$l389b	Linda Murphy
marie.wilson@mcp.com	wilson#m571u	Marie Wilson
tgray@mcp.com	Tgray460ODjb	Tyler Gray
shirleyn27@mcp.com	SN0726!76SNC	Shirley Nelson
dorothy.edwards@mcp.com	Dedwards902G	Dorothy Edwards
anthony.young28@mcp.com	anth$oqVx5zD	Anthony Young
hernandezm@mcp.com	Mhernandez521	Maria Hernandez
jennifer.baker@mcp.com	jennifer1994#	Jennifer Baker
jacksonv8@mcp.com	Vjackson415e	Victoria Jackson
drogers@mcp.com	Rdeb6zzuaSJZ	Debra Rogers
greenm@mcp.com	Mgreen922VhG	Marie Green
greenl@mcp.com	green#l285Sq	Laura Green
franka73@mcp.com	Afraai6ezopv	Frank Allen
morrisg31@mcp.com	georoHqsjVbU	George Morris
debrac99@mcp.com	chavez@d485Y	Debra Chavez
stephens@mcp.com	Sste36un0jFb	Stephen Sanchez
emily_ruiz@mcp.com	emily2001$Qe	Emily Ruiz
phall62@mcp.com	hall#p438myb	Paul Hall
reedh29@mcp.com	helen1983#7k	Helen Reed
mcpcanvasadmin1@mcp.com	mcpcanvasadminpass1	MCP Canvas Admin 1
mcpcanvasadmin2@mcp.com	mcpcanvasadminpass2	MCP Canvas Admin 2
mcpcanvasadmin3@mcp.com	mcpcanvasadminpass3	MCP Canvas Admin 3
